symbol,entry_day,entry,exit,current,next,side,cur_entry,next_entry,cur_exit,next_exit,spread_entry,spread_exit,next_vol_entry,points,cost_points,rs_gross,rs_net
CRUDEOIL,1,2021-09-21,2021-10-19,2021-10-19,2021-11-18,normal,5208.0,5199.0,6250.0,6228.0,9.0,22.0,268,13.0,5.94,1300.0,705.51
CRUDEOIL,1,2021-10-20,2021-11-18,2021-11-18,2021-12-17,normal,6219.0,6171.0,5859.0,5822.0,48.0,37.0,843,-11.0,6.0,-1100.0,-1700.3
CRUDEOIL,1,2021-11-19,2021-12-17,2021-12-17,2022-01-19,normal,5669.0,5638.0,5398.0,5398.0,31.0,0.0,665,-31.0,5.9,-3100.0,-3690.36
CRUDEOIL,1,2021-12-20,2022-01-19,2022-01-19,2022-02-18,normal,5148.0,5151.0,6487.0,6391.0,-3.0,96.0,2435,99.0,5.96,9900.0,9303.62
CRUDEOIL,1,2022-01-20,2022-02-18,2022-02-18,2022-03-21,reverse,6397.0,6340.0,6823.0,6730.0,57.0,93.0,1659,-36.0,6.11,-3600.0,-4211.27
CRUDEOIL,1,2022-02-21,2022-03-21,2022-03-21,2022-04-19,reverse,6868.0,6775.0,8536.0,8331.0,93.0,205.0,2152,-112.0,6.32,-11200.0,-11831.99
CRUDEOIL,1,2022-03-22,2022-04-19,2022-04-19,2022-05-19,reverse,8409.0,8243.0,7823.0,7865.0,166.0,-42.0,2911,208.0,6.43,20800.0,20157.26
CRUDEOIL,1,2022-04-20,2022-05-19,2022-05-19,2022-06-17,normal,7857.0,7813.0,8719.0,8464.0,44.0,255.0,1898,211.0,6.45,21100.0,20454.68
CRUDEOIL,1,2022-05-20,2022-06-17,2022-06-17,2022-07-19,reverse,8618.0,8404.0,8555.0,8373.0,214.0,182.0,2057,32.0,6.5,3200.0,2550.09
CRUDEOIL,1,2022-06-20,2022-07-19,2022-07-19,2022-08-19,reverse,8504.0,8358.0,8332.0,8056.0,146.0,276.0,1239,-130.0,6.46,-13000.0,-13645.6
CRUDEOIL,1,2022-07-20,2022-08-19,2022-08-19,2022-09-19,reverse,8009.0,7799.0,7239.0,7231.0,210.0,8.0,1569,202.0,6.32,20200.0,19567.6
CRUDEOIL,1,2022-08-22,2022-09-19,2022-09-19,2022-10-19,normal,7162.0,7153.0,6830.0,6817.0,9.0,13.0,1837,4.0,6.2,400.0,-219.83
CRUDEOIL,1,2022-09-20,2022-10-19,2022-10-19,2022-11-18,normal,6744.0,6723.0,7047.0,7047.0,21.0,0.0,1514,-21.0,6.18,-2100.0,-2717.7
CRUDEOIL,1,2022-10-20,2022-11-18,2022-11-18,2022-12-19,reverse,7091.0,7028.0,6542.0,6503.0,63.0,39.0,1092,24.0,6.16,2400.0,1784.06
CRUDEOIL,1,2022-11-21,2022-12-19,2022-12-19,2023-01-19,normal,6581.0,6599.0,6214.0,6307.0,-18.0,-93.0,2142,-75.0,6.08,-7500.0,-8108.13
CRUDEOIL,1,2022-12-20,2023-01-19,2023-01-19,2023-02-17,normal,6319.0,6351.0,6535.0,6578.0,-32.0,-43.0,1106,-11.0,6.09,-1100.0,-1708.86
CRUDEOIL,1,2023-01-20,2023-02-17,2023-02-17,2023-03-20,normal,6620.0,6663.0,6322.0,6317.0,-43.0,5.0,647,48.0,6.1,4800.0,4190.15
CRUDEOIL,1,2023-02-20,2023-03-20,2023-03-20,2023-04-19,normal,6426.0,6465.0,5581.0,5532.0,-39.0,49.0,570,88.0,6.0,8800.0,8199.54
CRUDEOIL,1,2023-03-21,2023-04-19,2023-04-19,2023-05-19,normal,5775.0,5810.0,6501.0,6566.0,-35.0,-65.0,1045,-30.0,6.03,-3000.0,-3603.11
CRUDEOIL,1,2023-04-20,2023-05-19,2023-05-19,2023-06-16,normal,6386.0,6399.0,5917.0,5929.0,-13.0,-12.0,608,1.0,6.03,100.0,-503.16
CRUDEOIL,1,2023-05-22,2023-06-16,2023-06-16,2023-07-19,normal,6017.0,6034.0,5878.0,5877.0,-17.0,1.0,764,18.0,5.99,1800.0,1200.88
CRUDEOIL,1,2023-06-19,2023-07-19,2023-07-19,2023-08-21,normal,5865.0,5892.0,6186.0,6206.0,-27.0,-20.0,475,7.0,6.01,700.0,99.22
CRUDEOIL,1,2023-07-20,2023-08-21,2023-08-21,2023-09-19,normal,6211.0,6222.0,6709.0,6674.0,-11.0,35.0,331,46.0,6.09,4600.0,3990.69
CRUDEOIL,1,2023-08-22,2023-09-19,2023-09-19,2023-10-19,normal,6641.0,6643.0,7589.0,7546.0,-2.0,43.0,238,45.0,6.22,4500.0,3877.68
CRUDEOIL,1,2023-09-20,2023-10-19,2023-10-19,2023-11-17,reverse,7475.0,7394.0,7427.0,7330.0,81.0,97.0,519,-16.0,6.28,-1600.0,-2228.05
CRUDEOIL,1,2023-10-20,2023-11-17,2023-11-17,2023-12-18,reverse,7366.0,7285.0,6299.0,6346.0,81.0,-47.0,308,128.0,6.17,12800.0,12182.88
CRUDEOIL,1,2023-11-20,2023-12-18,2023-12-18,2024-01-19,normal,6543.0,6550.0,6076.0,6137.0,-7.0,-61.0,377,-54.0,6.06,-5400.0,-6006.26
CRUDEOIL,1,2023-12-19,2024-01-19,2024-01-19,2024-02-16,normal,6167.0,6202.0,6108.0,6106.0,-35.0,2.0,610,37.0,6.03,3700.0,3096.9
CRUDEOIL,1,2024-01-22,2024-02-16,2024-02-16,2024-03-19,normal,6265.0,6272.0,6538.0,6482.0,-7.0,56.0,357,63.0,6.08,6300.0,5691.9
CRUDEOIL,1,2024-02-19,2024-03-19,2024-03-19,2024-04-19,normal,6518.0,6519.0,6944.0,6887.0,-1.0,57.0,302,58.0,6.15,5800.0,5185.37
CRUDEOIL,1,2024-03-20,2024-04-19,2024-04-19,2024-05-20,normal,6748.0,6734.0,6981.0,6897.0,14.0,84.0,326,70.0,6.17,7000.0,6382.85
CRUDEOIL,1,2024-04-22,2024-05-20,2024-05-20,2024-06-18,normal,6834.0,6796.0,6619.0,6579.0,38.0,40.0,653,2.0,6.14,200.0,-414.15
CRUDEOIL,1,2024-05-21,2024-06-18,2024-06-18,2024-07-19,normal,6568.0,6565.0,6786.0,6702.0,3.0,84.0,493,81.0,6.14,8100.0,7486.49
CRUDEOIL,1,2024-06-19,2024-07-19,2024-07-19,2024-08-19,normal,6733.0,6701.0,6725.0,6612.0,32.0,113.0,219,81.0,6.14,8100.0,7485.74
CRUDEOIL,1,2024-07-22,2024-08-19,2024-08-19,2024-09-19,reverse,6560.0,6500.0,6253.0,6190.0,60.0,63.0,533,-3.0,6.08,-300.0,-907.5
CRUDEOIL,1,2024-08-20,2024-09-19,2024-09-19,2024-10-21,normal,6154.0,6112.0,6026.0,5963.0,42.0,63.0,1457,21.0,6.01,2100.0,1498.62
CRUDEOIL,1,2024-09-20,2024-10-21,2024-10-21,2024-11-19,normal,5975.0,5928.0,5962.0,5932.0,47.0,30.0,621,-17.0,5.99,-1700.0,-2298.9
CRUDEOIL,1,2024-10-22,2024-11-19,2024-11-19,2024-12-18,normal,6040.0,6028.0,5847.0,5858.0,12.0,-11.0,1742,-23.0,5.99,-2300.0,-2898.75
CRUDEOIL,1,2024-11-20,2024-12-18,2024-12-18,2025-01-17,normal,5828.0,5822.0,6017.0,5989.0,6.0,28.0,703,22.0,5.98,2200.0,1601.61
CRUDEOIL,1,2024-12-19,2025-01-17,2025-01-17,2025-02-19,normal,5933.0,5925.0,6774.0,6720.0,8.0,54.0,386,46.0,6.07,4600.0,3993.01
CRUDEOIL,1,2025-01-20,2025-02-19,2025-02-19,2025-03-19,reverse,6613.0,6560.0,6291.0,6288.0,53.0,3.0,513,50.0,6.09,5000.0,4390.99
CRUDEOIL,1,2025-02-20,2025-03-19,2025-03-19,2025-04-21,normal,6316.0,6332.0,5821.0,5822.0,-16.0,-1.0,156,15.0,6.02,1500.0,898.47
CRUDEOIL,1,2025-03-20,2025-04-21,2025-04-21,2025-05-19,normal,5897.0,5891.0,5372.0,5336.0,6.0,36.0,614,30.0,5.93,3000.0,2407.37
CRUDEOIL,1,2025-04-22,2025-05-19,2025-05-19,2025-06-18,reverse,5452.0,5402.0,5338.0,5299.0,50.0,39.0,1220,11.0,5.88,1100.0,512.49
CRUDEOIL,1,2025-05-20,2025-06-18,2025-06-18,2025-07-21,normal,5334.0,5310.0,6453.0,6334.0,24.0,119.0,1463,95.0,5.98,9500.0,8902.37
CRUDEOIL,1,2025-06-19,2025-07-21,2025-07-21,2025-08-19,reverse,6449.0,6300.0,5794.0,5697.0,149.0,97.0,3545,52.0,6.01,5200.0,4598.54
CRUDEOIL,1,2025-07-22,2025-08-19,2025-08-19,2025-09-19,reverse,5646.0,5590.0,5429.0,5400.0,56.0,29.0,1281,27.0,5.9,2700.0,2109.54
CRUDEOIL,1,2025-08-20,2025-09-19,2025-09-19,2025-10-20,normal,5476.0,5462.0,5550.0,5527.0,14.0,23.0,1114,9.0,5.9,900.0,309.88
CRUDEOIL,1,2025-09-22,2025-10-20,2025-10-20,2025-11-19,normal,5522.0,5506.0,5030.0,5024.0,16.0,6.0,1404,-10.0,5.85,-1000.0,-1585.36
CRUDEOIL,1,2025-10-21,2025-11-19,2025-11-19,2025-12-18,normal,5053.0,5078.0,5236.0,5258.0,-25.0,-22.0,364,3.0,5.83,300.0,-283.14
CRUDEOIL,1,2025-11-20,2025-12-18,2025-12-18,2026-01-16,normal,5263.0,5253.0,5078.0,5114.0,10.0,-36.0,1604,-46.0,5.83,-4600.0,-5183.31
CRUDEOIL,1,2025-12-19,2026-01-16,2026-01-16,2026-02-19,normal,5105.0,5119.0,5423.0,5449.0,-14.0,-26.0,867,-12.0,5.85,-1200.0,-1785.42
CRUDEOIL,1,2026-01-19,2026-02-19,2026-02-19,2026-03-19,normal,5422.0,5440.0,6029.0,6058.0,-18.0,-29.0,1120,-11.0,5.95,-1100.0,-1694.69
CRUDEOIL,1,2026-02-20,2026-03-19,2026-03-19,2026-04-20,normal,6057.0,6069.0,8936.0,8998.0,-12.0,-62.0,1465,-50.0,6.3,-5000.0,-5630.05
CRUDEOIL,1,2026-03-20,2026-04-20,2026-04-20,2026-05-18,reverse,9258.0,8971.0,8308.0,8184.0,287.0,124.0,7497,163.0,6.54,16300.0,15645.58
CRUDEOIL,1,2026-04-21,2026-05-18,2026-05-18,2026-06-18,reverse,8437.0,8116.0,10322.0,9924.0,321.0,398.0,6879,-77.0,6.64,-7700.0,-8363.61
CRUDEOIL,1,2026-05-19,2026-06-18,2026-06-18,2026-07-20,reverse,10027.0,9601.0,7107.0,7054.0,426.0,53.0,2750,373.0,6.51,37300.0,36649.19
CRUDEOIL,1,2026-06-19,2026-07-20,2026-07-20,2026-08-19,reverse,7262.0,7199.0,7994.0,7949.0,63.0,45.0,2596,18.0,6.32,1800.0,1167.89
CRUDEOIL,1,2026-07-21,2026-08-19,2026-08-19,2026-09-21,reverse,8150.0,7983.0,8278.0,8151.0,167.0,127.0,2988,40.0,6.43,4000.0,3356.99
CRUDEOIL,1,2026-08-20,2026-09-21,2026-09-21,2026-10-19,reverse,8304.0,8142.0,9158.0,8836.0,162.0,322.0,3081,-160.0,6.51,-16000.0,-16651.4
CRUDEOILM,1,2023-04-20,2023-05-19,2023-05-19,2023-06-16,normal,6387.0,6408.0,5917.0,5932.0,-21.0,-15.0,1266,6.0,13.23,60.0,-72.33
CRUDEOILM,1,2023-05-22,2023-06-16,2023-06-16,2023-07-19,normal,6014.0,6028.0,5878.0,5880.0,-14.0,-2.0,1938,12.0,13.19,120.0,-11.91
CRUDEOILM,1,2023-06-19,2023-07-19,2023-07-19,2023-08-21,normal,5867.0,5899.0,6186.0,6204.0,-32.0,-18.0,1306,14.0,13.21,140.0,7.91
CRUDEOILM,1,2023-07-20,2023-08-21,2023-08-21,2023-09-19,normal,6210.0,6219.0,6709.0,6668.0,-9.0,41.0,1211,50.0,13.29,500.0,367.07
CRUDEOILM,1,2023-08-22,2023-09-19,2023-09-19,2023-10-19,normal,6635.0,6645.0,7589.0,7540.0,-10.0,49.0,718,59.0,13.42,590.0,455.77
CRUDEOILM,1,2023-09-20,2023-10-19,2023-10-19,2023-11-17,reverse,7472.0,7390.0,7433.0,7322.0,82.0,111.0,1173,-29.0,13.48,-290.0,-424.79
CRUDEOILM,1,2023-10-20,2023-11-17,2023-11-17,2023-12-18,reverse,7364.0,7301.0,6291.0,6352.0,63.0,-61.0,1240,124.0,13.37,1240.0,1106.28
CRUDEOILM,1,2023-11-20,2023-12-18,2023-12-18,2024-01-19,normal,6549.0,6555.0,6072.0,6148.0,-6.0,-76.0,1440,-70.0,13.26,-700.0,-832.63
CRUDEOILM,1,2023-12-19,2024-01-19,2024-01-19,2024-02-16,normal,6173.0,6210.0,6104.0,6113.0,-37.0,-9.0,1469,28.0,13.23,280.0,147.69
CRUDEOILM,1,2024-01-22,2024-02-16,2024-02-16,2024-03-19,normal,6262.0,6271.0,6542.0,6484.0,-9.0,58.0,1528,67.0,13.28,670.0,537.19
CRUDEOILM,1,2024-02-19,2024-03-19,2024-03-19,2024-04-19,normal,6520.0,6523.0,6948.0,6882.0,-3.0,66.0,773,69.0,13.35,690.0,556.53
CRUDEOILM,1,2024-03-20,2024-04-19,2024-04-19,2024-05-20,normal,6748.0,6745.0,6980.0,6899.0,3.0,81.0,1238,78.0,13.37,780.0,646.27
CRUDEOILM,1,2024-04-22,2024-05-20,2024-05-20,2024-06-18,normal,6835.0,6802.0,6611.0,6581.0,33.0,30.0,1763,-3.0,13.34,-30.0,-163.41
CRUDEOILM,1,2024-05-21,2024-06-18,2024-06-18,2024-07-19,normal,6567.0,6569.0,6786.0,6702.0,-2.0,84.0,1576,86.0,13.34,860.0,726.64
CRUDEOILM,1,2024-06-19,2024-07-19,2024-07-19,2024-08-19,normal,6732.0,6706.0,6727.0,6616.0,26.0,111.0,917,85.0,13.34,850.0,716.57
CRUDEOILM,1,2024-07-22,2024-08-19,2024-08-19,2024-09-19,reverse,6563.0,6501.0,6250.0,6198.0,62.0,52.0,1625,10.0,13.28,100.0,-32.76
CRUDEOILM,1,2024-08-20,2024-09-19,2024-09-19,2024-10-21,normal,6160.0,6127.0,6025.0,5967.0,33.0,58.0,2859,25.0,13.22,250.0,117.85
CRUDEOILM,1,2024-09-20,2024-10-21,2024-10-21,2024-11-19,normal,5976.0,5939.0,5959.0,5937.0,37.0,22.0,2164,-15.0,13.19,-150.0,-281.9
CRUDEOILM,1,2024-10-22,2024-11-19,2024-11-19,2024-12-18,normal,6043.0,6038.0,5836.0,5865.0,5.0,-29.0,5454,-34.0,13.19,-340.0,-471.87
CRUDEOILM,1,2024-11-20,2024-12-18,2024-12-18,2025-01-17,normal,5835.0,5835.0,6017.0,5993.0,0.0,24.0,2178,24.0,13.19,240.0,108.15
CRUDEOILM,1,2024-12-19,2025-01-17,2025-01-17,2025-02-19,normal,5936.0,5936.0,6777.0,6721.0,0.0,56.0,2517,56.0,13.27,560.0,427.29
CRUDEOILM,1,2025-01-20,2025-02-19,2025-02-19,2025-03-19,normal,6615.0,6568.0,6291.0,6289.0,47.0,2.0,1837,-45.0,13.29,-450.0,-582.86
CRUDEOILM,1,2025-02-20,2025-03-19,2025-03-19,2025-04-21,normal,6317.0,6318.0,5803.0,5823.0,-1.0,-20.0,1019,-19.0,13.21,-190.0,-322.12
CRUDEOILM,1,2025-03-20,2025-04-21,2025-04-21,2025-05-19,normal,5896.0,5896.0,5366.0,5339.0,0.0,27.0,1919,27.0,13.13,270.0,138.74
CRUDEOILM,1,2025-04-22,2025-05-19,2025-05-19,2025-06-18,normal,5452.0,5409.0,5337.0,5301.0,43.0,36.0,3356,-7.0,13.07,-70.0,-200.75
CRUDEOILM,1,2025-05-20,2025-06-18,2025-06-18,2025-07-21,normal,5336.0,5307.0,6457.0,6327.0,29.0,130.0,3215,101.0,13.18,1010.0,878.24
CRUDEOILM,1,2025-06-19,2025-07-21,2025-07-21,2025-08-19,reverse,6448.0,6309.0,5792.0,5699.0,139.0,93.0,7327,46.0,13.21,460.0,327.85
CRUDEOILM,1,2025-07-22,2025-08-19,2025-08-19,2025-09-19,reverse,5649.0,5593.0,5423.0,5404.0,56.0,19.0,3142,37.0,13.11,370.0,238.95
CRUDEOILM,1,2025-08-20,2025-09-19,2025-09-19,2025-10-20,normal,5478.0,5460.0,5545.0,5530.0,18.0,15.0,2916,-3.0,13.1,-30.0,-161.0
CRUDEOILM,1,2025-09-22,2025-10-20,2025-10-20,2025-11-19,normal,5525.0,5512.0,5025.0,5022.0,13.0,3.0,3024,-10.0,13.05,-100.0,-230.54
CRUDEOILM,1,2025-10-21,2025-11-19,2025-11-19,2025-12-18,normal,5056.0,5085.0,5233.0,5257.0,-29.0,-24.0,474,5.0,13.03,50.0,-80.32
CRUDEOILM,1,2025-11-20,2025-12-18,2025-12-18,2026-01-16,normal,5263.0,5257.0,5075.0,5116.0,6.0,-41.0,4677,-47.0,13.03,-470.0,-600.33
CRUDEOILM,1,2025-12-19,2026-01-16,2026-01-16,2026-02-19,normal,5105.0,5122.0,5420.0,5448.0,-17.0,-28.0,3097,-11.0,13.05,-110.0,-240.54
CRUDEOILM,1,2026-01-19,2026-02-19,2026-02-19,2026-03-19,normal,5422.0,5440.0,6025.0,6060.0,-18.0,-35.0,2910,-17.0,13.15,-170.0,-301.46
CRUDEOILM,1,2026-02-20,2026-03-19,2026-03-19,2026-04-20,normal,6054.0,6065.0,8938.0,8999.0,-11.0,-61.0,5064,-50.0,13.5,-500.0,-635.0
CRUDEOILM,1,2026-03-20,2026-04-20,2026-04-20,2026-05-18,reverse,9259.0,8978.0,8310.0,8182.0,281.0,128.0,33521,153.0,13.74,1530.0,1392.56
CRUDEOILM,1,2026-04-21,2026-05-18,2026-05-18,2026-06-18,reverse,8440.0,8130.0,10328.0,9922.0,310.0,406.0,19484,-96.0,13.84,-960.0,-1098.36
CRUDEOILM,1,2026-05-19,2026-06-18,2026-06-18,2026-07-20,reverse,10029.0,9604.0,7108.0,7054.0,425.0,54.0,13684,371.0,13.71,3710.0,3572.92
CRUDEOILM,1,2026-06-19,2026-07-20,2026-07-20,2026-08-19,reverse,7264.0,7199.0,7993.0,7948.0,65.0,45.0,15799,20.0,13.52,200.0,64.79
CRUDEOILM,1,2026-07-21,2026-08-19,2026-08-19,2026-09-21,reverse,8151.0,7984.0,8281.0,8153.0,167.0,128.0,17028,39.0,13.63,390.0,253.7
CRUDEOILM,1,2026-08-20,2026-09-21,2026-09-21,2026-10-19,reverse,8302.0,8141.0,9163.0,8835.0,161.0,328.0,18368,-167.0,13.71,-1670.0,-1807.14
CRUDEOIL,2,2021-09-22,2021-10-19,2021-10-19,2021-11-18,normal,5324.0,5312.0,6250.0,6228.0,12.0,22.0,530,10.0,5.96,1000.0,404.38
CRUDEOIL,2,2021-10-21,2021-11-18,2021-11-18,2021-12-17,reverse,6142.0,6087.0,5859.0,5822.0,55.0,37.0,913,18.0,6.0,1800.0,1200.36
CRUDEOIL,2,2021-11-22,2021-12-17,2021-12-17,2022-01-19,normal,5710.0,5685.0,5398.0,5398.0,25.0,0.0,1040,-25.0,5.91,-2500.0,-3090.83
CRUDEOIL,2,2021-12-21,2022-01-19,2022-01-19,2022-02-18,normal,5421.0,5420.0,6487.0,6391.0,1.0,96.0,1810,95.0,5.99,9500.0,8900.93
CRUDEOIL,2,2022-01-21,2022-02-18,2022-02-18,2022-03-21,normal,6319.0,6273.0,6823.0,6730.0,46.0,93.0,1292,47.0,6.11,4700.0,4089.04
CRUDEOIL,2,2022-02-22,2022-03-21,2022-03-21,2022-04-19,reverse,6917.0,6824.0,8536.0,8331.0,93.0,205.0,2474,-112.0,6.32,-11200.0,-11832.48
CRUDEOIL,2,2022-03-23,2022-04-19,2022-04-19,2022-05-19,reverse,8731.0,8539.0,7823.0,7865.0,192.0,-42.0,2884,234.0,6.46,23400.0,22754.04
CRUDEOIL,2,2022-04-21,2022-05-19,2022-05-19,2022-06-17,normal,7865.0,7827.0,8719.0,8464.0,38.0,255.0,2016,217.0,6.45,21700.0,21054.54
CRUDEOIL,2,2022-05-23,2022-06-17,2022-06-17,2022-07-19,reverse,8543.0,8363.0,8555.0,8373.0,180.0,182.0,1837,-2.0,6.49,-200.0,-849.16
CRUDEOIL,2,2022-06-21,2022-07-19,2022-07-19,2022-08-19,reverse,8556.0,8421.0,8332.0,8056.0,135.0,276.0,1201,-141.0,6.46,-14100.0,-14746.12
CRUDEOIL,2,2022-07-21,2022-08-19,2022-08-19,2022-09-19,reverse,7778.0,7601.0,7239.0,7231.0,177.0,8.0,2360,169.0,6.3,16900.0,16269.91
CRUDEOIL,2,2022-08-23,2022-09-19,2022-09-19,2022-10-19,normal,7502.0,7475.0,6830.0,6817.0,27.0,13.0,1765,-14.0,6.23,-1400.0,-2023.05
CRUDEOIL,2,2022-09-21,2022-10-19,2022-10-19,2022-11-18,normal,6742.0,6733.0,7047.0,7047.0,9.0,0.0,1937,-9.0,6.18,-900.0,-1517.8
CRUDEOIL,2,2022-10-21,2022-11-18,2022-11-18,2022-12-19,reverse,7043.0,6985.0,6542.0,6503.0,58.0,39.0,991,19.0,6.15,1900.0,1284.54
CRUDEOIL,2,2022-11-22,2022-12-19,2022-12-19,2023-01-19,normal,6720.0,6730.0,6214.0,6307.0,-10.0,-93.0,1324,-83.0,6.09,-8300.0,-8909.44
CRUDEOIL,2,2022-12-21,2023-01-19,2023-01-19,2023-02-17,normal,6506.0,6532.0,6535.0,6578.0,-26.0,-43.0,1194,-17.0,6.11,-1700.0,-2310.67
CRUDEOIL,2,2023-01-23,2023-02-17,2023-02-17,2023-03-20,normal,6705.0,6743.0,6322.0,6317.0,-38.0,5.0,818,43.0,6.11,4300.0,3689.35
CRUDEOIL,2,2023-02-21,2023-03-20,2023-03-20,2023-04-19,normal,6385.0,6422.0,5581.0,5532.0,-37.0,49.0,996,86.0,6.0,8600.0,7999.97
CRUDEOIL,2,2023-03-22,2023-04-19,2023-04-19,2023-05-19,normal,5839.0,5881.0,6501.0,6566.0,-42.0,-65.0,838,-23.0,6.04,-2300.0,-2903.82
CRUDEOIL,2,2023-04-21,2023-05-19,2023-05-19,2023-06-16,normal,6398.0,6410.0,5917.0,5929.0,-12.0,-12.0,406,0.0,6.03,0.0,-603.27
CRUDEOIL,2,2023-05-23,2023-06-16,2023-06-16,2023-07-19,normal,6092.0,6113.0,5878.0,5877.0,-21.0,1.0,677,22.0,6.0,2200.0,1600.09
CRUDEOIL,2,2023-06-20,2023-07-19,2023-07-19,2023-08-21,normal,5821.0,5850.0,6186.0,6206.0,-29.0,-20.0,971,9.0,6.0,900.0,299.64
CRUDEOIL,2,2023-07-21,2023-08-21,2023-08-21,2023-09-19,normal,6298.0,6302.0,6709.0,6674.0,-4.0,35.0,464,39.0,6.1,3900.0,3289.89
CRUDEOIL,2,2023-08-23,2023-09-19,2023-09-19,2023-10-19,normal,6555.0,6549.0,7589.0,7546.0,6.0,43.0,645,37.0,6.21,3700.0,3078.62
CRUDEOIL,2,2023-09-21,2023-10-19,2023-10-19,2023-11-17,reverse,7483.0,7396.0,7427.0,7330.0,87.0,97.0,554,-10.0,6.28,-1000.0,-1628.13
CRUDEOIL,2,2023-10-23,2023-11-17,2023-11-17,2023-12-18,reverse,7132.0,7075.0,6299.0,6346.0,57.0,-47.0,564,104.0,6.15,10400.0,9785.22
CRUDEOIL,2,2023-11-21,2023-12-18,2023-12-18,2024-01-19,normal,6468.0,6497.0,6076.0,6137.0,-29.0,-61.0,250,-32.0,6.06,-3200.0,-3805.73
CRUDEOIL,2,2023-12-20,2024-01-19,2024-01-19,2024-02-16,normal,6174.0,6202.0,6108.0,6106.0,-28.0,2.0,397,30.0,6.03,3000.0,2396.9
CRUDEOIL,2,2024-01-23,2024-02-16,2024-02-16,2024-03-19,normal,6178.0,6205.0,6538.0,6482.0,-27.0,56.0,529,83.0,6.07,8300.0,7692.57
CRUDEOIL,2,2024-02-20,2024-03-19,2024-03-19,2024-04-19,normal,6430.0,6431.0,6944.0,6887.0,-1.0,57.0,499,58.0,6.14,5800.0,5186.25
CRUDEOIL,2,2024-03-21,2024-04-19,2024-04-19,2024-05-20,normal,6733.0,6719.0,6981.0,6897.0,14.0,84.0,342,70.0,6.17,7000.0,6383.0
CRUDEOIL,2,2024-04-23,2024-05-20,2024-05-20,2024-06-18,reverse,6928.0,6864.0,6619.0,6579.0,64.0,40.0,567,24.0,6.15,2400.0,1784.93
CRUDEOIL,2,2024-05-22,2024-06-18,2024-06-18,2024-07-19,normal,6492.0,6487.0,6786.0,6702.0,5.0,84.0,487,79.0,6.13,7900.0,7287.27
CRUDEOIL,2,2024-06-20,2024-07-19,2024-07-19,2024-08-19,normal,6799.0,6760.0,6725.0,6612.0,39.0,113.0,177,74.0,6.15,7400.0,6785.15
CRUDEOIL,2,2024-07-23,2024-08-19,2024-08-19,2024-09-19,reverse,6458.0,6402.0,6253.0,6190.0,56.0,63.0,640,-7.0,6.06,-700.0,-1306.48
CRUDEOIL,2,2024-08-21,2024-09-19,2024-09-19,2024-10-21,normal,6030.0,6010.0,6026.0,5963.0,20.0,63.0,1462,43.0,6.0,4300.0,3699.64
CRUDEOIL,2,2024-09-23,2024-10-21,2024-10-21,2024-11-19,normal,5898.0,5868.0,5962.0,5932.0,30.0,30.0,1259,0.0,5.98,0.0,-598.3
CRUDEOIL,2,2024-10-23,2024-11-19,2024-11-19,2024-12-18,normal,5976.0,5965.0,5847.0,5858.0,11.0,-11.0,1188,-22.0,5.98,-2200.0,-2798.12
CRUDEOIL,2,2024-11-21,2024-12-18,2024-12-18,2025-01-17,normal,5905.0,5901.0,6017.0,5989.0,4.0,28.0,726,24.0,5.99,2400.0,1800.82
CRUDEOIL,2,2024-12-20,2025-01-17,2025-01-17,2025-02-19,normal,5938.0,5924.0,6774.0,6720.0,14.0,54.0,481,40.0,6.07,4000.0,3393.02
CRUDEOIL,2,2025-01-21,2025-02-19,2025-02-19,2025-03-19,reverse,6564.0,6513.0,6291.0,6288.0,51.0,3.0,892,48.0,6.09,4800.0,4191.48
CRUDEOIL,2,2025-02-21,2025-03-19,2025-03-19,2025-04-21,normal,6148.0,6163.0,5821.0,5822.0,-15.0,-1.0,381,14.0,6.0,1400.0,800.16
CRUDEOIL,2,2025-03-21,2025-04-21,2025-04-21,2025-05-19,normal,5900.0,5889.0,5372.0,5336.0,11.0,36.0,406,25.0,5.93,2500.0,1907.39
CRUDEOIL,2,2025-04-23,2025-05-19,2025-05-19,2025-06-18,normal,5309.0,5279.0,5338.0,5299.0,30.0,39.0,3125,9.0,5.86,900.0,313.83
CRUDEOIL,2,2025-05-21,2025-06-18,2025-06-18,2025-07-21,normal,5295.0,5275.0,6453.0,6334.0,20.0,119.0,2094,99.0,5.97,9900.0,9302.72
CRUDEOIL,2,2025-06-20,2025-07-21,2025-07-21,2025-08-19,reverse,6404.0,6270.0,5794.0,5697.0,134.0,97.0,2691,37.0,6.01,3700.0,3098.99
CRUDEOIL,2,2025-07-23,2025-08-19,2025-08-19,2025-09-19,reverse,5655.0,5604.0,5429.0,5400.0,51.0,29.0,1108,22.0,5.91,2200.0,1609.45
CRUDEOIL,2,2025-08-21,2025-09-19,2025-09-19,2025-10-20,normal,5563.0,5546.0,5550.0,5527.0,17.0,23.0,1244,6.0,5.91,600.0,9.04
CRUDEOIL,2,2025-09-23,2025-10-20,2025-10-20,2025-11-19,normal,5632.0,5605.0,5030.0,5024.0,27.0,6.0,1644,-21.0,5.86,-2100.0,-2686.35
CRUDEOIL,2,2025-10-22,2025-11-19,2025-11-19,2025-12-18,normal,5151.0,5168.0,5236.0,5258.0,-17.0,-22.0,1362,-5.0,5.84,-500.0,-1084.04
CRUDEOIL,2,2025-11-21,2025-12-18,2025-12-18,2026-01-16,normal,5197.0,5194.0,5078.0,5114.0,3.0,-36.0,2086,-39.0,5.83,-3900.0,-4482.72
CRUDEOIL,2,2025-12-22,2026-01-16,2026-01-16,2026-02-19,normal,5223.0,5242.0,5423.0,5449.0,-19.0,-26.0,1288,-7.0,5.87,-700.0,-1286.65
CRUDEOIL,2,2026-01-20,2026-02-19,2026-02-19,2026-03-19,normal,5517.0,5520.0,6029.0,6058.0,-3.0,-29.0,1292,-26.0,5.95,-2600.0,-3195.49
CRUDEOIL,2,2026-02-23,2026-03-19,2026-03-19,2026-04-20,normal,6045.0,6053.0,8936.0,8998.0,-8.0,-62.0,1520,-54.0,6.3,-5400.0,-6029.89
CRUDEOIL,2,2026-03-23,2026-04-20,2026-04-20,2026-05-18,reverse,8345.0,8126.0,8308.0,8184.0,219.0,124.0,17084,95.0,6.45,9500.0,8854.71
CRUDEOIL,2,2026-04-22,2026-05-18,2026-05-18,2026-06-18,reverse,8723.0,8350.0,10322.0,9924.0,373.0,398.0,6831,-25.0,6.66,-2500.0,-3166.47
CRUDEOIL,2,2026-05-20,2026-06-18,2026-06-18,2026-07-20,reverse,9463.0,9128.0,7107.0,7054.0,335.0,53.0,4699,282.0,6.45,28200.0,27554.83
CRUDEOIL,2,2026-06-22,2026-07-20,2026-07-20,2026-08-19,normal,6983.0,6953.0,7994.0,7949.0,30.0,45.0,2734,15.0,6.29,1500.0,870.53
CRUDEOIL,2,2026-07-22,2026-08-19,2026-08-19,2026-09-21,reverse,8410.0,8139.0,8278.0,8151.0,271.0,127.0,5292,144.0,6.46,14400.0,13754.39
CRUDEOIL,2,2026-08-21,2026-09-21,2026-09-21,2026-10-19,reverse,8359.0,8181.0,9158.0,8836.0,178.0,322.0,2210,-144.0,6.52,-14400.0,-15051.95
CRUDEOILM,2,2023-04-21,2023-05-19,2023-05-19,2023-06-16,normal,6395.0,6415.0,5917.0,5932.0,-20.0,-15.0,1551,5.0,13.23,50.0,-82.33
CRUDEOILM,2,2023-05-23,2023-06-16,2023-06-16,2023-07-19,normal,6092.0,6111.0,5878.0,5880.0,-19.0,-2.0,1938,17.0,13.2,170.0,38.01
CRUDEOILM,2,2023-06-20,2023-07-19,2023-07-19,2023-08-21,normal,5823.0,5849.0,6186.0,6204.0,-26.0,-18.0,2551,8.0,13.2,80.0,-52.03
CRUDEOILM,2,2023-07-21,2023-08-21,2023-08-21,2023-09-19,normal,6294.0,6296.0,6709.0,6668.0,-2.0,41.0,1474,43.0,13.3,430.0,297.0
CRUDEOILM,2,2023-08-23,2023-09-19,2023-09-19,2023-10-19,normal,6554.0,6546.0,7589.0,7540.0,8.0,49.0,2044,41.0,13.41,410.0,275.87
CRUDEOILM,2,2023-09-21,2023-10-19,2023-10-19,2023-11-17,reverse,7476.0,7393.0,7433.0,7322.0,83.0,111.0,1084,-28.0,13.48,-280.0,-414.8
CRUDEOILM,2,2023-10-23,2023-11-17,2023-11-17,2023-12-18,reverse,7137.0,7078.0,6291.0,6352.0,59.0,-61.0,1774,120.0,13.35,1200.0,1066.51
CRUDEOILM,2,2023-11-21,2023-12-18,2023-12-18,2024-01-19,normal,6476.0,6511.0,6072.0,6148.0,-35.0,-76.0,914,-41.0,13.26,-410.0,-542.58
CRUDEOILM,2,2023-12-20,2024-01-19,2024-01-19,2024-02-16,normal,6180.0,6222.0,6104.0,6113.0,-42.0,-9.0,1583,33.0,13.23,330.0,197.67
CRUDEOILM,2,2024-01-23,2024-02-16,2024-02-16,2024-03-19,normal,6186.0,6223.0,6542.0,6484.0,-37.0,58.0,2377,95.0,13.28,950.0,817.24
CRUDEOILM,2,2024-02-20,2024-03-19,2024-03-19,2024-04-19,normal,6434.0,6440.0,6948.0,6882.0,-6.0,66.0,1383,72.0,13.34,720.0,586.61
CRUDEOILM,2,2024-03-21,2024-04-19,2024-04-19,2024-05-20,normal,6735.0,6720.0,6980.0,6899.0,15.0,81.0,957,66.0,13.37,660.0,526.3
CRUDEOILM,2,2024-04-23,2024-05-20,2024-05-20,2024-06-18,normal,6925.0,6883.0,6611.0,6581.0,42.0,30.0,1872,-12.0,13.35,-120.0,-253.49
CRUDEOILM,2,2024-05-22,2024-06-18,2024-06-18,2024-07-19,normal,6492.0,6485.0,6786.0,6702.0,7.0,84.0,1604,77.0,13.33,770.0,636.73
CRUDEOILM,2,2024-06-20,2024-07-19,2024-07-19,2024-08-19,normal,6799.0,6753.0,6727.0,6616.0,46.0,111.0,1432,65.0,13.35,650.0,516.52
CRUDEOILM,2,2024-07-23,2024-08-19,2024-08-19,2024-09-19,normal,6460.0,6411.0,6250.0,6198.0,49.0,52.0,1587,3.0,13.27,30.0,-102.66
CRUDEOILM,2,2024-08-21,2024-09-19,2024-09-19,2024-10-21,normal,6040.0,6030.0,6025.0,5967.0,10.0,58.0,3482,48.0,13.21,480.0,347.94
CRUDEOILM,2,2024-09-23,2024-10-21,2024-10-21,2024-11-19,normal,5902.0,5876.0,5959.0,5937.0,26.0,22.0,3628,-4.0,13.18,-40.0,-171.84
CRUDEOILM,2,2024-10-23,2024-11-19,2024-11-19,2024-12-18,normal,5978.0,5972.0,5836.0,5865.0,6.0,-29.0,5241,-35.0,13.18,-350.0,-481.81
CRUDEOILM,2,2024-11-21,2024-12-18,2024-12-18,2025-01-17,normal,5906.0,5912.0,6017.0,5993.0,-6.0,24.0,3259,30.0,13.19,300.0,168.07
CRUDEOILM,2,2024-12-20,2025-01-17,2025-01-17,2025-02-19,normal,5938.0,5926.0,6777.0,6721.0,12.0,56.0,2513,44.0,13.27,440.0,307.3
CRUDEOILM,2,2025-01-21,2025-02-19,2025-02-19,2025-03-19,normal,6563.0,6516.0,6291.0,6289.0,47.0,2.0,1666,-45.0,13.28,-450.0,-582.81
CRUDEOILM,2,2025-02-21,2025-03-19,2025-03-19,2025-04-21,normal,6154.0,6169.0,5803.0,5823.0,-15.0,-20.0,1978,-5.0,13.2,-50.0,-181.97
CRUDEOILM,2,2025-03-21,2025-04-21,2025-04-21,2025-05-19,normal,5900.0,5894.0,5366.0,5339.0,6.0,27.0,1220,21.0,13.13,210.0,78.74
CRUDEOILM,2,2025-04-23,2025-05-19,2025-05-19,2025-06-18,normal,5312.0,5286.0,5337.0,5301.0,26.0,36.0,8845,10.0,13.06,100.0,-30.62
CRUDEOILM,2,2025-05-21,2025-06-18,2025-06-18,2025-07-21,normal,5300.0,5279.0,6457.0,6327.0,21.0,130.0,5099,109.0,13.17,1090.0,958.26
CRUDEOILM,2,2025-06-20,2025-07-21,2025-07-21,2025-08-19,reverse,6404.0,6273.0,5792.0,5699.0,131.0,93.0,5040,38.0,13.21,380.0,247.9
CRUDEOILM,2,2025-07-23,2025-08-19,2025-08-19,2025-09-19,normal,5656.0,5608.0,5423.0,5404.0,48.0,19.0,2172,-29.0,13.1,-290.0,-421.03
CRUDEOILM,2,2025-08-21,2025-09-19,2025-09-19,2025-10-20,normal,5563.0,5547.0,5545.0,5530.0,16.0,15.0,3946,-1.0,13.11,-10.0,-141.09
CRUDEOILM,2,2025-09-23,2025-10-20,2025-10-20,2025-11-19,normal,5633.0,5607.0,5025.0,5022.0,26.0,3.0,4881,-23.0,13.06,-230.0,-360.63
CRUDEOILM,2,2025-10-22,2025-11-19,2025-11-19,2025-12-18,normal,5153.0,5175.0,5233.0,5257.0,-22.0,-24.0,2488,-2.0,13.04,-20.0,-150.41
CRUDEOILM,2,2025-11-21,2025-12-18,2025-12-18,2026-01-16,normal,5197.0,5196.0,5075.0,5116.0,1.0,-41.0,5440,-42.0,13.03,-420.0,-550.27
CRUDEOILM,2,2025-12-22,2026-01-16,2026-01-16,2026-02-19,normal,5225.0,5244.0,5420.0,5448.0,-19.0,-28.0,5162,-9.0,13.07,-90.0,-220.66
CRUDEOILM,2,2026-01-20,2026-02-19,2026-02-19,2026-03-19,normal,5517.0,5526.0,6025.0,6060.0,-9.0,-35.0,4344,-26.0,13.16,-260.0,-391.55
CRUDEOILM,2,2026-02-23,2026-03-19,2026-03-19,2026-04-20,normal,6046.0,6057.0,8938.0,8999.0,-11.0,-61.0,5145,-50.0,13.5,-500.0,-635.0
CRUDEOILM,2,2026-03-23,2026-04-20,2026-04-20,2026-05-18,reverse,8350.0,8133.0,8310.0,8182.0,217.0,128.0,63032,89.0,13.65,890.0,753.47
CRUDEOILM,2,2026-04-22,2026-05-18,2026-05-18,2026-06-18,reverse,8724.0,8349.0,10328.0,9922.0,375.0,406.0,26160,-31.0,13.86,-310.0,-448.65
CRUDEOILM,2,2026-05-20,2026-06-18,2026-06-18,2026-07-20,reverse,9457.0,9120.0,7108.0,7054.0,337.0,54.0,28807,283.0,13.65,2830.0,2693.49
CRUDEOILM,2,2026-06-22,2026-07-20,2026-07-20,2026-08-19,normal,6985.0,6958.0,7993.0,7948.0,27.0,45.0,15628,18.0,13.5,180.0,45.05
CRUDEOILM,2,2026-07-22,2026-08-19,2026-08-19,2026-09-21,reverse,8408.0,8139.0,8281.0,8153.0,269.0,128.0,24354,141.0,13.66,1410.0,1273.44
CRUDEOILM,2,2026-08-21,2026-09-21,2026-09-21,2026-10-19,reverse,8357.0,8180.0,9163.0,8835.0,177.0,328.0,11846,-151.0,13.72,-1510.0,-1647.19
