variant,month,entry,exit,reason,future_in,future_out,shorts,wings,rolls,credit,rs_net,rs_per_sold_lot,vix_entry
hold,2016-11,2016-10-28,2016-11-11,stop,8667.4,8327.95,8700 > 8500,8500PE/8800CE,1,114.55,10571,2643,14.65
hold,2017-01,2016-12-30,2017-01-24,exit day,8187.4,8480.5,8200 > 8400,8000PE/8400CE,1,137.85,10818,2704,15.47
hold,2017-02,2017-01-27,2017-02-22,exit day,8671.1,8920.1,8700 > 8900,8500PE/8800CE,1,118.35,6347,1587,16.01
hold,2017-03,2017-02-27,2017-03-29,exit day,8915.75,9142.85,8900 > 9100,8700PE/9100CE,1,147.0,10205,2551,13.68
hold,2017-04,2017-03-31,2017-04-24,target,9197.75,9224.45,9200,9000PE/9400CE,0,142.25,15705,3926,12.42
hold,2017-10,2017-09-29,2017-10-16,stop,9800.55,10255.95,9800 > 10000,9600PE/10000CE,1,142.35,7420,1855,12.49
hold,2017-12,2017-12-01,2017-12-27,exit day,10154.25,10500.2,10200 > 10500,10000PE/10400CE,1,144.6,5475,1369,14.8
hold,2018-01,2017-12-29,2018-01-24,exit day,10556.9,11083.2,10600 > 10900,10300PE/10800CE,1,165.05,10073,2518,12.67
hold,2018-03,2018-02-23,2018-03-07,target,10504.55,10171.55,10500 > 10200,10300PE/10700CE,1,159.3,12021,3005,14.2
hold,2018-04,2018-04-02,2018-04-25,exit day,10264.0,10569.05,10300 > 10500,10100PE/10500CE,1,150.5,2610,652,15.35
hold,2018-05,2018-04-27,2018-05-28,stop,10723.8,10678.85,10700 > 10400,10500PE/10900CE,1,154.45,-70086,-17522,12.02
hold,2018-06,2018-06-01,2018-06-26,target,10683.9,10766.9,10700,10500PE/10900CE,0,148.95,12219,3055,13.57
hold,2018-07,2018-06-29,2018-07-24,stop,10694.8,11142.0,10700 > 10900,10500PE/10900CE,1,148.6,6242,1560,12.94
hold,2018-08,2018-07-27,2018-08-27,target,11306.7,11705.35,11300 > 11600,11100PE/11500CE,1,153.45,15435,3859,12.31
hold,2018-09,2018-08-31,2018-09-14,stop,11735.3,11547.3,11700 > 11300,11500PE/12000CE,1,180.0,-48986,-12246,12.6
hold,2018-10,2018-09-28,2018-10-05,target,10954.3,10347.15,11000 > 10600,10700PE/11200CE,1,185.9,30832,7708,17.0
hold,2019-01,2018-12-28,2019-01-30,exit day,10907.75,10642.9,10900 > 10700,10700PE/11100CE,1,161.45,11122,2780,15.27
hold,2019-02,2019-02-01,2019-02-27,exit day,10914.05,10809.45,10900 > 10700,10700PE/11100CE,1,160.15,-9784,-2446,15.72
hold,2019-03,2019-03-01,2019-03-14,target,10917.05,11381.75,10900 > 11200,10700PE/11100CE,1,160.15,14047,3512,16.27
hold,2019-06,2019-05-31,2019-06-18,target,11916.5,11700.5,11900,11700PE/12200CE,0,196.05,13033,3258,16.07
hold,2019-07,2019-06-28,2019-07-10,target,11841.5,11492.25,11800 > 11600,11600PE/12100CE,1,200.2,17642,4410,14.95
hold,2019-08,2019-07-26,2019-08-05,target,11327.0,10896.8,11300 > 11000,11100PE/11600CE,1,194.9,19652,4913,12.13
hold,2019-09,2019-08-30,2019-09-09,stop,11058.9,11025.25,11100 > 10800,10800PE/11300CE,1,183.2,-30735,-7684,16.28
hold,2019-10,2019-09-27,2019-10-07,stop,11579.5,11162.0,11600 > 11400,11300PE/11800CE,1,200.85,5184,1296,16.11
hold,2019-11,2019-11-01,2019-11-22,target,11928.25,11914.5,11900,11700PE/12200CE,0,194.8,17550,4388,15.73
hold,2019-12,2019-11-29,2019-12-24,exit day,12099.85,12238.45,12100,11900PE/12300CE,0,157.8,4122,1030,13.9
hold,2021-07,2021-06-25,2021-07-22,target,15888.0,15816.9,15900,15600PE/16200CE,0,237.1,20338,5084,13.37
hold,2021-08,2021-07-30,2021-08-13,target,15777.25,16517.35,15800 > 16100,15500PE/16100CE,1,220.45,15634,3908,12.8
hold,2021-09,2021-08-27,2021-09-15,target,16718.15,17535.45,16700 > 17100,16400PE/17100CE,1,258.25,17622,4406,13.41
hold,2022-01,2021-12-31,2022-01-12,target,17409.95,18241.2,17400 > 17800,17100PE/17800CE,1,285.25,16457,4114,16.22
hold,2022-08,2022-07-29,2022-08-12,target,17201.85,17713.05,17200 > 17600,16900PE/17500CE,1,247.7,17894,4474,16.55
hold,2022-11,2022-10-28,2022-11-11,target,17830.2,18424.0,17800 > 18200,17500PE/18200CE,1,289.95,18639,4660,15.92
hold,2022-12,2022-11-25,2022-12-15,target,18646.1,18467.0,18600,18300PE/19000CE,0,278.9,14130,3532,13.33
hold,2023-01,2022-12-30,2023-01-13,target,18206.85,18025.25,18200,17800PE/18600CE,0,308.3,12377,3094,14.87
hold,2023-03,2023-02-24,2023-03-15,target,17559.25,17037.35,17600 > 17200,17200PE/17900CE,1,268.6,12903,3226,14.19
hold,2023-04,2023-03-31,2023-04-26,exit day,17442.65,17814.9,17400 > 17800,17100PE/17800CE,1,263.55,12036,3009,12.94
hold,2023-12,2023-12-01,2023-12-14,target,20375.15,21327.65,20400 > 20900,20000PE/20800CE,1,280.9,24842,6210,12.38
hold,2024-01,2023-12-29,2024-01-16,target,21885.95,22029.5,21900,21400PE/22300CE,0,340.35,14610,3652,14.5
hold,2024-02,2024-01-29,2024-02-21,target,21855.25,22070.15,21900,21400PE/22300CE,0,353.05,13706,3426,15.68
hold,2024-03,2024-03-01,2024-03-14,target,22443.2,22264.55,22400,22000PE/22900CE,0,359.95,13861,3465,15.24
hold,2024-04,2024-04-01,2024-04-15,target,22602.6,22357.3,22600,22200PE/23100CE,0,328.2,12942,3236,12.08
hold,2024-07,2024-06-28,2024-07-18,target,24132.25,24809.05,24100 > 24600,23600PE/24600CE,1,377.5,12495,3124,13.8
hold,2024-08,2024-07-26,2024-08-13,target,24915.45,24161.0,24900 > 24100,24400PE/25400CE,1,388.7,18791,4698,12.25
hold,2024-09,2024-08-30,2024-09-13,target,25376.9,25372.6,25400,24900PE/25900CE,0,367.7,12845,3211,13.39
hold,2024-11,2024-11-01,2024-11-11,target,24383.65,24226.3,24400,23900PE/24900CE,0,398.7,15356,3839,15.9
hold,2024-12,2024-11-29,2024-12-18,stop,24304.15,24257.35,24300 > 24800,23800PE/24800CE,1,376.5,-99582,-24896,14.43
hold,2025-01,2024-12-27,2025-01-13,target,23992.65,23162.1,24000 > 23500,23500PE/24500CE,1,391.55,34214,8554,13.24
hold,2025-02,2025-01-31,2025-02-14,target,23620.2,22995.65,23600 > 23100,23100PE/24100CE,1,397.2,25171,6293,16.25
hold,2025-03,2025-02-28,2025-03-20,target,22280.05,23200.25,22300 > 22900,21800PE/22700CE,1,346.1,39957,9989,13.91
hold,2025-04,2025-03-28,2025-04-07,target,23637.65,22263.8,23600 > 23000,23200PE/24100CE,1,345.9,39620,9905,12.72
hold,2025-06,2025-05-30,2025-06-13,target,24871.2,24727.4,24900,24400PE/25400CE,0,398.8,12383,3096,16.08
hold,2025-07,2025-06-27,2025-07-18,target,25750.2,25032.3,25800 > 25200,25200PE/26300CE,1,411.9,25380,6345,12.39
hold,2026-02,2026-01-28,2026-02-06,target,25450.4,25735.1,25500,24900PE/26000CE,0,407.0,12977,3244,13.53
hold,2026-03,2026-02-25,2026-03-04,target,25628.8,24584.7,25600 > 25000,25100PE/26100CE,1,382.75,27079,6770,13.49
hold,2026-06,2026-05-27,2026-06-08,target,23996.7,23174.6,24000 > 23500,23500PE/24500CE,1,393.7,25383,6346,14.98
hold,2026-07,2026-07-01,2026-07-16,target,24092.6,24096.4,24100,23600PE/24600CE,0,380.4,14358,3590,13.24
hold,2026-08,2026-07-29,2026-08-13,target,24311.5,24468.0,24300,23800PE/24800CE,0,369.15,13916,3479,12.01
VIX +20%,2016-11,2016-10-28,2016-11-11,stop,8667.4,8327.95,8700 > 8500,8500PE/8800CE,1,114.55,10571,2643,14.65
VIX +20%,2017-01,2016-12-30,2017-01-24,exit day,8187.4,8480.5,8200 > 8400,8000PE/8400CE,1,137.85,10818,2704,15.47
VIX +20%,2017-02,2017-01-27,2017-02-22,exit day,8671.1,8920.1,8700 > 8900,8500PE/8800CE,1,118.35,6347,1587,16.01
VIX +20%,2017-03,2017-02-27,2017-03-29,exit day,8915.75,9142.85,8900 > 9100,8700PE/9100CE,1,147.0,10205,2551,13.68
VIX +20%,2017-04,2017-03-31,2017-04-24,target,9197.75,9224.45,9200,9000PE/9400CE,0,142.25,15705,3926,12.42
VIX +20%,2017-10,2017-09-29,2017-10-16,stop,9800.55,10255.95,9800 > 10000,9600PE/10000CE,1,142.35,7420,1855,12.49
VIX +20%,2017-12,2017-12-01,2017-12-27,exit day,10154.25,10500.2,10200 > 10500,10000PE/10400CE,1,144.6,5475,1369,14.8
VIX +20%,2018-01,2017-12-29,2018-01-22,vix brake,10556.9,10968.0,10600 > 10900,10300PE/10800CE,1,165.05,1870,468,12.67
VIX +20%,2018-03,2018-02-23,2018-03-07,target,10504.55,10171.55,10500 > 10200,10300PE/10700CE,1,159.3,12021,3005,14.2
VIX +20%,2018-04,2018-04-02,2018-04-25,exit day,10264.0,10569.05,10300 > 10500,10100PE/10500CE,1,150.5,2610,652,15.35
VIX +20%,2018-05,2018-04-27,2018-05-10,vix brake,10723.8,10724.9,10700,10500PE/10900CE,0,154.45,-1971,-493,12.02
VIX +20%,2018-06,2018-06-01,2018-06-26,target,10683.9,10766.9,10700,10500PE/10900CE,0,148.95,12219,3055,13.57
VIX +20%,2018-07,2018-06-29,2018-07-24,stop,10694.8,11142.0,10700 > 10900,10500PE/10900CE,1,148.6,6242,1560,12.94
VIX +20%,2018-08,2018-07-27,2018-08-27,target,11306.7,11705.35,11300 > 11600,11100PE/11500CE,1,153.45,15435,3859,12.31
VIX +20%,2018-09,2018-08-31,2018-09-10,vix brake,11735.3,11492.7,11700,11500PE/12000CE,0,180.0,4695,1174,12.6
VIX +20%,2018-10,2018-09-28,2018-10-05,target,10954.3,10347.15,11000 > 10600,10700PE/11200CE,1,185.9,30832,7708,17.0
VIX +20%,2019-01,2018-12-28,2019-01-28,vix brake,10907.75,10676.8,10900,10700PE/11100CE,0,161.45,487,122,15.27
VIX +20%,2019-02,2019-02-01,2019-02-27,exit day,10914.05,10809.45,10900 > 10700,10700PE/11100CE,1,160.15,-9784,-2446,15.72
VIX +20%,2019-03,2019-03-01,2019-03-14,target,10917.05,11381.75,10900 > 11200,10700PE/11100CE,1,160.15,14047,3512,16.27
VIX +20%,2019-06,2019-05-31,2019-06-18,target,11916.5,11700.5,11900,11700PE/12200CE,0,196.05,13033,3258,16.07
VIX +20%,2019-07,2019-06-28,2019-07-10,target,11841.5,11492.25,11800 > 11600,11600PE/12100CE,1,200.2,17642,4410,14.95
VIX +20%,2019-08,2019-07-26,2019-08-01,vix brake,11327.0,11015.35,11300,11100PE/11600CE,0,194.9,4484,1121,12.13
VIX +20%,2019-09,2019-08-30,2019-09-09,stop,11058.9,11025.25,11100 > 10800,10800PE/11300CE,1,183.2,-30735,-7684,16.28
VIX +20%,2019-10,2019-09-27,2019-10-07,stop,11579.5,11162.0,11600 > 11400,11300PE/11800CE,1,200.85,5184,1296,16.11
VIX +20%,2019-11,2019-11-01,2019-11-22,target,11928.25,11914.5,11900,11700PE/12200CE,0,194.8,17550,4388,15.73
VIX +20%,2019-12,2019-11-29,2019-12-24,exit day,12099.85,12238.45,12100,11900PE/12300CE,0,157.8,4122,1030,13.9
VIX +20%,2021-07,2021-06-25,2021-07-22,target,15888.0,15816.9,15900,15600PE/16200CE,0,237.1,20338,5084,13.37
VIX +20%,2021-08,2021-07-30,2021-08-13,target,15777.25,16517.35,15800 > 16100,15500PE/16100CE,1,220.45,15634,3908,12.8
VIX +20%,2021-09,2021-08-27,2021-09-15,target,16718.15,17535.45,16700 > 17100,16400PE/17100CE,1,258.25,17622,4406,13.41
VIX +20%,2022-01,2021-12-31,2022-01-12,target,17409.95,18241.2,17400 > 17800,17100PE/17800CE,1,285.25,16457,4114,16.22
VIX +20%,2022-08,2022-07-29,2022-08-12,target,17201.85,17713.05,17200 > 17600,16900PE/17500CE,1,247.7,17894,4474,16.55
VIX +20%,2022-11,2022-10-28,2022-11-11,target,17830.2,18424.0,17800 > 18200,17500PE/18200CE,1,289.95,18639,4660,15.92
VIX +20%,2022-12,2022-11-25,2022-12-15,target,18646.1,18467.0,18600,18300PE/19000CE,0,278.9,14130,3532,13.33
VIX +20%,2023-01,2022-12-30,2023-01-13,target,18206.85,18025.25,18200,17800PE/18600CE,0,308.3,12377,3094,14.87
VIX +20%,2023-03,2023-02-24,2023-03-15,target,17559.25,17037.35,17600 > 17200,17200PE/17900CE,1,268.6,12903,3226,14.19
VIX +20%,2023-04,2023-03-31,2023-04-26,exit day,17442.65,17814.9,17400 > 17800,17100PE/17800CE,1,263.55,12036,3009,12.94
VIX +20%,2023-12,2023-12-01,2023-12-14,target,20375.15,21327.65,20400 > 20900,20000PE/20800CE,1,280.9,24842,6210,12.38
VIX +20%,2024-01,2023-12-29,2024-01-16,target,21885.95,22029.5,21900,21400PE/22300CE,0,340.35,14610,3652,14.5
VIX +20%,2024-02,2024-01-29,2024-02-21,target,21855.25,22070.15,21900,21400PE/22300CE,0,353.05,13706,3426,15.68
VIX +20%,2024-03,2024-03-01,2024-03-14,target,22443.2,22264.55,22400,22000PE/22900CE,0,359.95,13861,3465,15.24
VIX +20%,2024-04,2024-04-01,2024-04-15,target,22602.6,22357.3,22600,22200PE/23100CE,0,328.2,12942,3236,12.08
VIX +20%,2024-07,2024-06-28,2024-07-18,target,24132.25,24809.05,24100 > 24600,23600PE/24600CE,1,377.5,12495,3124,13.8
VIX +20%,2024-08,2024-07-26,2024-08-05,vix brake,24915.45,24102.95,24900,24400PE/25400CE,0,388.7,-5766,-1442,12.25
VIX +20%,2024-09,2024-08-30,2024-09-13,target,25376.9,25372.6,25400,24900PE/25900CE,0,367.7,12845,3211,13.39
VIX +20%,2024-11,2024-11-01,2024-11-11,target,24383.65,24226.3,24400,23900PE/24900CE,0,398.7,15356,3839,15.9
VIX +20%,2024-12,2024-11-29,2024-12-18,stop,24304.15,24257.35,24300 > 24800,23800PE/24800CE,1,376.5,-99582,-24896,14.43
VIX +20%,2025-01,2024-12-27,2025-01-13,target,23992.65,23162.1,24000 > 23500,23500PE/24500CE,1,391.55,34214,8554,13.24
VIX +20%,2025-02,2025-01-31,2025-02-14,target,23620.2,22995.65,23600 > 23100,23100PE/24100CE,1,397.2,25171,6293,16.25
VIX +20%,2025-03,2025-02-28,2025-03-20,target,22280.05,23200.25,22300 > 22900,21800PE/22700CE,1,346.1,39957,9989,13.91
VIX +20%,2025-04,2025-03-28,2025-04-07,target,23637.65,22263.8,23600 > 23000,23200PE/24100CE,1,345.9,39620,9905,12.72
VIX +20%,2025-06,2025-05-30,2025-06-13,target,24871.2,24727.4,24900,24400PE/25400CE,0,398.8,12383,3096,16.08
VIX +20%,2025-07,2025-06-27,2025-07-18,target,25750.2,25032.3,25800 > 25200,25200PE/26300CE,1,411.9,25380,6345,12.39
VIX +20%,2026-02,2026-01-28,2026-02-06,target,25450.4,25735.1,25500,24900PE/26000CE,0,407.0,12977,3244,13.53
VIX +20%,2026-03,2026-02-25,2026-03-02,vix brake,25628.8,24982.2,25600,25100PE/26100CE,0,382.75,-3210,-802,13.49
VIX +20%,2026-06,2026-05-27,2026-06-08,target,23996.7,23174.6,24000 > 23500,23500PE/24500CE,1,393.7,25383,6346,14.98
VIX +20%,2026-07,2026-07-01,2026-07-16,target,24092.6,24096.4,24100,23600PE/24600CE,0,380.4,14358,3590,13.24
VIX +20%,2026-08,2026-07-29,2026-08-13,target,24311.5,24468.0,24300,23800PE/24800CE,0,369.15,13916,3479,12.01
